box_67.svg,box_68.svg
box_66.svg,box_67.svg
box_65.svg,box_66.svg
box_64.svg,box_65.svg
box_63.svg,box_64.svg
box_62.svg,box_63.svg
box_61.svg,box_62.svg
box_60.svg,box_61.svg
box_59.svg,box_60.svg
box_58.svg,box_59.svg
box_57.svg,box_58.svg
box_56.svg,box_57.svg
box_55.svg,box_56.svg
box_54.svg,box_55.svg
box_53.svg,box_54.svg
box_52.svg,box_53.svg
box_51.svg,box_52.svg
box_50.svg,box_51.svg
box_49.svg,box_50.svg
box_48.svg,box_49.svg
box_47.svg,box_48.svg
box_46.svg,box_47.svg
box_45.svg,box_46.svg
box_44.svg,box_45.svg
box_43.svg,box_44.svg
box_42.svg,box_43.svg
box_41.svg,box_42.svg
box_40.svg,box_41.svg
box_39.svg,box_40.svg
box_38.svg,box_39.svg
box_37.svg,box_38.svg
box_36.svg,box_37.svg
box_35.svg,box_36.svg
box_34.svg,box_35.svg
box_33.svg,box_34.svg
box_32.svg,box_33.svg
box_31.svg,box_32.svg
box_30.svg,box_31.svg
box_29.svg,box_30.svg
box_28.svg,box_29.svg
box_27.svg,box_28.svg
box_26.svg,box_27.svg
box_25.svg,box_26.svg
box_24.svg,box_25.svg
box_23.svg,box_24.svg
box_22.svg,box_23.svg
